team_name,main_league,main_league_common_id,country,team_name_website,website,team_common_id
liverpool,English Premier League,337,England,liverpool,PaddyPower,7
arsenal,English Premier League,337,England,arsenal,PaddyPower,8
manchester city,English Premier League,337,England,man city,PaddyPower,9
aston villa,English Premier League,337,England,aston villa,PaddyPower,10
tottenham,English Premier League,337,England,tottenham,PaddyPower,11
manchester united,English Premier League,337,England,man utd,PaddyPower,12
west ham,English Premier League,337,England,west ham,PaddyPower,13
brighton,English Premier League,337,England,brighton,PaddyPower,14
newcastle,English Premier League,337,England,newcastle,PaddyPower,15
wolves,English Premier League,337,England,wolves,PaddyPower,16
chelsea,English Premier League,337,England,chelsea,PaddyPower,17
bournemouth,English Premier League,337,England,bournemouth,PaddyPower,18
fulham,English Premier League,337,England,fulham,PaddyPower,19
crystal palace,English Premier League,337,England,crystal palace,PaddyPower,20
brentford,English Premier League,337,England,brentford,PaddyPower,21
nottingham forest,English Premier League,337,England,nottm forest,PaddyPower,22
luton,English Premier League,337,England,luton,PaddyPower,23
everton,English Premier League,337,England,everton,PaddyPower,24
burnley,English Premier League,337,England,burnley,PaddyPower,25
sheffield united,English Premier League,337,England,sheff utd,PaddyPower,26
leicester,Championship,338,England,leicester,PaddyPower,27
southampton,Championship,338,England,southampton,PaddyPower,28
leeds,Championship,338,England,leeds,PaddyPower,29
ipswich,Championship,338,England,ipswich,PaddyPower,30
west brom,Championship,338,England,west brom,PaddyPower,31
hull,Championship,338,England,hull,PaddyPower,32
coventry,Championship,338,England,coventry,PaddyPower,33
sunderland,Championship,338,England,sunderland,PaddyPower,34
norwich,Championship,338,England,norwich,PaddyPower,35
preston,Championship,338,England,preston,PaddyPower,36
watford,Championship,338,England,watford,PaddyPower,37
middlesbrough,Championship,338,England,middlesbrough,PaddyPower,38
cardiff,Championship,338,England,cardiff,PaddyPower,39
bristol city,Championship,338,England,bristol city,PaddyPower,40
plymouth,Championship,338,England,plymouth,PaddyPower,41
millwall,Championship,338,England,millwall,PaddyPower,42
swansea,Championship,338,England,swansea,PaddyPower,43
blackburn,Championship,338,England,blackburn,PaddyPower,44
birmingham,Championship,338,England,birmingham,PaddyPower,45
stoke,Championship,338,England,stoke,PaddyPower,46
huddersfield,Championship,338,England,huddersfield,PaddyPower,47
qpr,Championship,338,England,qpr,PaddyPower,48
sheffield wednesday,Championship,338,England,sheff wed,PaddyPower,49
rotherham,Championship,338,England,rotherham,PaddyPower,50
portsmouth,League One,339,England,portsmouth,PaddyPower,51
derby,League One,339,England,derby,PaddyPower,52
bolton,League One,339,England,bolton,PaddyPower,53
peterborough,League One,339,England,peterborough,PaddyPower,54
barnsley,League One,339,England,barnsley,PaddyPower,55
stevenage,League One,339,England,stevenage,PaddyPower,56
oxford united,League One,339,England,oxford utd,PaddyPower,57
blackpool,League One,339,England,blackpool,PaddyPower,58
leyton orient,League One,339,England,leyton orient,PaddyPower,59
bristol rovers,League One,339,England,bristol rovers,PaddyPower,60
northampton,League One,339,England,northampton,PaddyPower,61
lincoln,League One,339,England,lincoln,PaddyPower,62
wigan,League One,339,England,wigan,PaddyPower,63
cambridge united,League One,339,England,cambridge utd,PaddyPower,64
wycombe,League One,339,England,wycombe,PaddyPower,65
shrewsbury,League One,339,England,shrewsbury,PaddyPower,66
exeter,League One,339,England,exeter,PaddyPower,67
burton,League One,339,England,burton albion,PaddyPower,68
charlton,League One,339,England,charlton,PaddyPower,69
port vale,League One,339,England,port vale,PaddyPower,70
reading,League One,339,England,reading,PaddyPower,71
cheltenham,League One,339,England,cheltenham,PaddyPower,72
fleetwood,League One,339,England,fleetwood town,PaddyPower,73
carlisle,League One,339,England,carlisle,PaddyPower,74
stockport county,League Two,340,England,stockport,PaddyPower,75
mansfield,League Two,340,England,mansfield,PaddyPower,76
barrow,League Two,340,England,barrow,PaddyPower,77
wrexham,League Two,340,England,wrexham,PaddyPower,78
crewe,League Two,340,England,crewe,PaddyPower,79
mk dons,League Two,340,England,mk dons,PaddyPower,80
notts county,League Two,340,England,notts co,PaddyPower,81
harrogate,League Two,340,England,harrogate,PaddyPower,82
afc wimbledon,League Two,340,England,afc wimbledon,PaddyPower,83
gillingham,League Two,340,England,gillingham,PaddyPower,84
accrington,League Two,340,England,accrington,PaddyPower,85
morecambe,League Two,340,England,morecambe,PaddyPower,86
newport,League Two,340,England,newport,PaddyPower,87
crawley,League Two,340,England,crawley town,PaddyPower,88
walsall,League Two,340,England,walsall,PaddyPower,89
tranmere,League Two,340,England,tranmere,PaddyPower,90
swindon,League Two,340,England,swindon,PaddyPower,91
bradford city,League Two,340,England,bradford,PaddyPower,92
salford,League Two,340,England,salford city,PaddyPower,93
grimsby,League Two,340,England,grimsby,PaddyPower,94
colchester,League Two,340,England,colchester,PaddyPower,95
doncaster,League Two,340,England,doncaster,PaddyPower,96
sutton,League Two,340,England,sutton utd,PaddyPower,97
forest green,League Two,340,England,forest green,PaddyPower,98
chesterfield,National League,341,England,chesterfield,PaddyPower,99
barnet,National League,341,England,barnet,PaddyPower,101
atrincham,National League,341,England,altrincham,PaddyPower,102
aldershot,National League,341,England,aldershot,PaddyPower,103
solihull moors,National League,341,England,solihull moors,PaddyPower,104
gateshead,National League,341,England,gateshead,PaddyPower,105
oldham,National League,341,England,oldham,PaddyPower,106
rochdale,National League,341,England,rochdale,PaddyPower,107
fc halifax,National League,341,England,fc halifax town,PaddyPower,108
hartlepool,National League,341,England,hartlepool,PaddyPower,109
wealdstone,National League,341,England,wealdstone,PaddyPower,110
eastleigh,National League,341,England,eastleigh,PaddyPower,111
dagenham and redbridge,National League,341,England,dag and red,PaddyPower,112
boreham wood,National League,341,England,boreham wood,PaddyPower,113
maidenhead,National League,341,England,maidenhead,PaddyPower,114
southend,National League,341,England,southend,PaddyPower,115
york city,National League,341,England,york city,PaddyPower,116
dorking,National League,341,England,dorking wanderers,PaddyPower,117
afc fylde,National League,341,England,afc fylde,PaddyPower,118
kidderminster,National League,341,England,kidderminster,PaddyPower,119
ebbsfleet,National League,341,England,ebbsfleet utd,PaddyPower,120
woking,National League,341,England,woking,PaddyPower,121
oxford city,National League,341,England,oxford city,PaddyPower,122
wellington phoenix,A-League,347,Australia,wellington phoenix,PaddyPower,123
central coast mariners,A-League,347,Australia,central coast mariners,PaddyPower,124
melbourne victory,A-League,347,Australia,melbourne victory,PaddyPower,125
macarthur fc,A-League,347,macarthur fc,macarthur fc,PaddyPower,126
ws wanderers,A-League,347,Australia,western sydney wanderers,PaddyPower,127
melbourne city,A-League,347,Australia,melbourne city,PaddyPower,128
sydney fc,A-League,347,Australia,sydney fc,PaddyPower,129
adelaide united,A-League,347,Australia,adelaide united,PaddyPower,130
brisbane roar,A-League,347,Australia,brisbane roar,PaddyPower,131
newcastle jets,A-League,347,Australia,newcastle jets,PaddyPower,132
perth glory,A-League,347,Australia,perth glory,PaddyPower,133
western united,A-League,347,Australia,western united,PaddyPower,134
midtjylland,Superliga,348,Denmark,midtjylland,PaddyPower,135
brondby,Superliga,348,Denmark,brondby,PaddyPower,136
fc copenhagen,Superliga,348,Denmark,fc copenhagen,PaddyPower,137
aarhus,Superliga,348,Denmark,agf,PaddyPower,138
nordsjaelland,Superliga,348,Denmark,fc nordsjaelland,PaddyPower,139
silkeborg,Superliga,348,Denmark,silkeborg,PaddyPower,140
lyngby,Superliga,348,Denmark,lyngby,PaddyPower,141
viborg,Superliga,348,Denmark,viborg,PaddyPower,142
odense,Superliga,348,Denmark,ob,PaddyPower,143
randers fc,Superliga,348,Denmark,randers,PaddyPower,144
vejle,Superliga,348,Denmark,vejle,PaddyPower,145
hvidovre if,Superliga,348,Denmark,hvidovre,PaddyPower,146
psg,Ligue 1,349,France,paris st-g,PaddyPower,147
nice,Ligue 1,349,France,nice,PaddyPower,148
brest,Ligue 1,349,France,brest,PaddyPower,149
lille,Ligue 1,349,France,lille,PaddyPower,150
monaco,Ligue 1,349,France,monaco,PaddyPower,151
lens,Ligue 1,349,France,lens,PaddyPower,152
reims,Ligue 1,349,France,reims,PaddyPower,153
marseille,Ligue 1,349,France,marseille,PaddyPower,154
rennes,Ligue 1,349,France,rennes,PaddyPower,155
strasbourg,Ligue 1,349,France,strasbourg,PaddyPower,156
le havre,Ligue 1,349,France,le havre,PaddyPower,157
toulouse,Ligue 1,349,France,toulouse,PaddyPower,158
montpellier,Ligue 1,349,France,montpellier,PaddyPower,159
nantes,Ligue 1,349,France,nantes,PaddyPower,160
lyon,Ligue 1,349,France,lyon,PaddyPower,161
metz,Ligue 1,349,France,metz,PaddyPower,162
lorient,Ligue 1,349,France,lorient,PaddyPower,163
clermont,Ligue 1,349,France,clermont,PaddyPower,164
angers,Ligue 2,350,France,angers,PaddyPower,165
auxerre,Ligue 2,350,France,auxerre,PaddyPower,166
grenoble,Ligue 2,350,France,grenoble,PaddyPower,167
laval,Ligue 2,350,France,laval,PaddyPower,168
amiens,Ligue 2,350,France,amiens,PaddyPower,169
pau fc,Ligue 2,350,France,pau,PaddyPower,170
caen,Ligue 2,350,France,caen,PaddyPower,171
ac ajaccio,Ligue 2,350,France,ac ajaccio,PaddyPower,172
guingamp,Ligue 2,350,France,guingamp,PaddyPower,173
paris fc,Ligue 2,350,France,paris fc,PaddyPower,174
st etienne,Ligue 2,350,France,st etienne,PaddyPower,175
rodez,Ligue 2,350,France,rodez,PaddyPower,176
bordeaux,Ligue 2,350,France,bordeaux,PaddyPower,177
concarneau,Ligue 2,350,France,concarneau,PaddyPower,178
troyes,Ligue 2,350,France,estac troyes,PaddyPower,179
bastia,Ligue 2,350,France,bastia,PaddyPower,180
annecy,Ligue 2,350,France,annecy,PaddyPower,181
dunkerque,Ligue 2,350,France,dunkerque,PaddyPower,182
quevilly rouen,Ligue 2,350,France,quevilly,PaddyPower,183
valenciennes,Ligue 2,350,France,valenciennes,PaddyPower,184
bayer leverkusen,Bundesliga,351,Germany,leverkusen,PaddyPower,185
bayern munich,Bundesliga,351,Germany,bayern munich,PaddyPower,186
stuttgart,Bundesliga,351,Germany,stuttgart,PaddyPower,187
dortmund,Bundesliga,351,Germany,dortmund,PaddyPower,188
rb leipzig,Bundesliga,351,Germany,rb leipzig,PaddyPower,189
eintracht frankfurt,Bundesliga,351,Germany,eintracht frankfurt,PaddyPower,190
freiburg,Bundesliga,351,Germany,freiburg,PaddyPower,191
hoffenheim,Bundesliga,351,Germany,hoffenheim,PaddyPower,192
werder bremen,Bundesliga,351,Germany,werder bremen,PaddyPower,193
heidenheim,Bundesliga,351,Germany,fc heidenheim,PaddyPower,194
wolfsburg,Bundesliga,351,Germany,wolfsburg,PaddyPower,195
augsburg,Bundesliga,351,Germany,augsburg,PaddyPower,196
borussia monchengladbach,Bundesliga,351,Germany,mgladbach,PaddyPower,197
bochum,Bundesliga,351,Germany,bochum,PaddyPower,198
union berlin,Bundesliga,351,Germany,union berlin,PaddyPower,199
fc koln,Bundesliga,351,Germany,fc koln,PaddyPower,200
mainz,Bundesliga,351,Germany,mainz,PaddyPower,201
darmstadt,Bundesliga,351,Germany,sv darmstadt,PaddyPower,202
st. pauli,2. Bundesliga,352,Germany,st pauli,PaddyPower,203
hamburger sv,2. Bundesliga,352,Germany,hamburger sv,PaddyPower,204
holstein kiel,2. Bundesliga,352,Germany,holstein kiel,PaddyPower,205
greuther furth,2. Bundesliga,352,Germany,greuther furth,PaddyPower,206
dusseldorf,2. Bundesliga,352,Germany,fortuna dusseldorf,PaddyPower,207
hannover,2. Bundesliga,352,Germany,hannover,PaddyPower,208
paderborn,2. Bundesliga,352,Germany,paderborn,PaddyPower,209
karlsruher sc,2. Bundesliga,352,Germany,karlsruhe,PaddyPower,210
elversberg,2. Bundesliga,352,Germany,elversberg,PaddyPower,211
nurnberg,2. Bundesliga,352,Germany,nurnberg,PaddyPower,212
hertha berlin,2. Bundesliga,352,Germany,hertha berlin,PaddyPower,213
wehen,2. Bundesliga,352,Germany,wehen wiesbaden,PaddyPower,214
magdeburg,2. Bundesliga,352,Germany,fc magdeburg,PaddyPower,215
schalke,2. Bundesliga,352,Germany,schalke 04,PaddyPower,216
kaiserslautern,2. Bundesliga,352,Germany,kaiserslautern,PaddyPower,217
hansa rostock,2. Bundesliga,352,Germany,hansa rostock,PaddyPower,218
braunschweig,2. Bundesliga,352,Germany,braunschweig,PaddyPower,219
vfl osnabruck,2. Bundesliga,352,Germany,vfl osnabruck,PaddyPower,220
inter,Serie A,353,Italy,inter,PaddyPower,221
juventus,Serie A,353,Italy,juventus,PaddyPower,222
ac milan,Serie A,353,Italy,ac milan,PaddyPower,223
atalanta,Serie A,353,Italy,atalanta,PaddyPower,224
as roma,Serie A,353,Italy,roma,PaddyPower,225
bologna,Serie A,353,Italy,bologna,PaddyPower,226
napoli,Serie A,353,Italy,napoli,PaddyPower,227
fiorentina,Serie A,353,Italy,fiorentina,PaddyPower,228
lazio,Serie A,353,Italy,lazio,PaddyPower,229
torino,Serie A,353,Italy,torino,PaddyPower,230
genoa,Serie A,353,Italy,genoa,PaddyPower,231
monza,Serie A,353,Italy,ac monza,PaddyPower,232
lecce,Serie A,353,Italy,lecce,PaddyPower,233
forsinone,Serie A,353,Italy,frosinone,PaddyPower,234
sassuolo,Serie A,353,Italy,sassuolo,PaddyPower,235
udinese,Serie A,353,Italy,udinese,PaddyPower,236
verona,Serie A,353,Italy,verona,PaddyPower,237
cagliari,Serie A,353,Italy,cagliari,PaddyPower,238
empoli,Serie A,353,Italy,empoli,PaddyPower,239
salernitana,Serie A,353,Italy,salernitana,PaddyPower,240
parma,Serie B,354,Italy,parma,PaddyPower,241
cremonese,Serie B,354,Italy,us cremonese,PaddyPower,242
como,Serie B,354,Italy,como,PaddyPower,243
venezia,Serie B,354,Italy,venezia,PaddyPower,244
palermo,Serie B,354,Italy,palermo,PaddyPower,245
cittadella,Serie B,354,Italy,cittadella,PaddyPower,246
catanzaro,Serie B,354,Italy,catanzaro,PaddyPower,247
brescia,Serie B,354,Italy,brescia,PaddyPower,248
modena,Serie B,354,Italy,modena,PaddyPower,249
reggiana,Serie B,354,Italy,reggiana,PaddyPower,250
cosenza,Serie B,354,Italy,cosenza,PaddyPower,251
sudtirol,Serie B,354,Italy,sudtirol,PaddyPower,252
pisa,Serie B,354,Italy,pisa,PaddyPower,253
sampdoria,Serie B,354,Italy,sampdoria,PaddyPower,254
bari,Serie B,354,Italy,ssd bari,PaddyPower,255
ascoli,Serie B,354,Italy,ascoli,PaddyPower,256
ternana,Serie B,354,Italy,ternana,PaddyPower,257
feralpisalo,Serie B,354,Italy,feralpisalo,PaddyPower,258
spezia,Serie B,354,Italy,spezia,PaddyPower,259
lecco,Serie B,354,Italy,lecco,PaddyPower,260
psv,Eredivisie,357,Netherlands,psv,PaddyPower,301
feyenoord,Eredivisie,357,Netherlands,feyenoord,PaddyPower,302
twente,Eredivisie,357,Netherlands,fc twente,PaddyPower,303
az alkmaar,Eredivisie,357,Netherlands,az alkmaar,PaddyPower,304
ajax,Eredivisie,357,Netherlands,ajax,PaddyPower,305
g.a. eagles,Eredivisie,357,Netherlands,go ahead eagles,PaddyPower,306
nijmegen,Eredivisie,357,Netherlands,nec nijmegen,PaddyPower,307
zwolle,Eredivisie,357,Netherlands,pec zwolle,PaddyPower,308
sparta rotterdam,Eredivisie,357,Netherlands,sparta rotterdam,PaddyPower,309
sittard,Eredivisie,357,Netherlands,fortuna sittard,PaddyPower,310
utrecht,Eredivisie,357,Netherlands,fc utrecht,PaddyPower,311
almere city,Eredivisie,357,Netherlands,almere city,PaddyPower,312
heerenveen,Eredivisie,357,Netherlands,heerenveen,PaddyPower,313
excelsior,Eredivisie,357,Netherlands,excelsior,PaddyPower,314
heracles,Eredivisie,357,Netherlands,heracles,PaddyPower,315
waalwijk,Eredivisie,357,Netherlands,rkc waalwijk,PaddyPower,316
fc volendam,Eredivisie,357,Netherlands,fc volendam,PaddyPower,317
vitesse,Eredivisie,357,Netherlands,vitesse,PaddyPower,318
willem ii,Eerste Divisie,358,Netherlands,willem ii,PaddyPower,319
den haag,Eerste Divisie,358,Netherlands,ado den haag,PaddyPower,320
roda,Eerste Divisie,358,Netherlands,roda jc,PaddyPower,321
de graafschap,Eerste Divisie,358,Netherlands,de graafschap,PaddyPower,322
dordrecht,Eerste Divisie,358,Netherlands,fc dordrecht,PaddyPower,323
groningen,Eerste Divisie,358,Netherlands,fc groningen,PaddyPower,324
venlo,Eerste Divisie,358,Netherlands,vvv venlo,PaddyPower,325
cambuur,Eerste Divisie,358,Netherlands,cambuur leeuwarden,PaddyPower,326
nac breda,Eerste Divisie,358,Netherlands,nac breda,PaddyPower,327
maastricht,Eerste Divisie,358,Netherlands,mvv maastricht,PaddyPower,328
jong az,Eerste Divisie,358,Netherlands,jong az alkmaar,PaddyPower,329
fc emmen,Eerste Divisie,358,Netherlands,emmen,PaddyPower,330
eindhoven fc,Eerste Divisie,358,Netherlands,fc eindhoven,PaddyPower,331
helmond,Eerste Divisie,358,Netherlands,helmond sport,PaddyPower,332
jong ajax,Eerste Divisie,358,Netherlands,jong ajax amsterdam,PaddyPower,333
jong psv,Eerste Divisie,358,Netherlands,jong psv eindhoven,PaddyPower,334
jong utrecht,Eerste Divisie,358,Netherlands,jong fc utrecht,PaddyPower,335
den bosch,Eerste Divisie,358,Netherlands,den bosch,PaddyPower,336
oss,Eerste Divisie,358,Netherlands,fc oss,PaddyPower,337
telstar,Eerste Divisie,358,Netherlands,sc telstar,PaddyPower,338
benfica,Liga Portugal,365,Portugal,benfica,PaddyPower,339
sporting cp,Liga Portugal,365,Portugal,sporting lisbon,PaddyPower,340
fc porto,Liga Portugal,365,Portugal,porto,PaddyPower,341
braga,Liga Portugal,365,Portugal,braga,PaddyPower,342
vitoria guimaraes,Liga Portugal,365,Portugal,guimaraes,PaddyPower,343
moreirense,Liga Portugal,365,Portugal,moreirense,PaddyPower,344
sc farense,Liga Portugal,365,Portugal,farense,PaddyPower,345
arouca,Liga Portugal,365,Portugal,arouca,PaddyPower,346
famalicao,Liga Portugal,365,Portugal,famalicao,PaddyPower,347
gil vicente,Liga Portugal,365,Portugal,gil vicente,PaddyPower,348
boavista,Liga Portugal,365,Portugal,boavista,PaddyPower,349
portimonense,Liga Portugal,365,Portugal,portimonense,PaddyPower,350
estoril,Liga Portugal,365,Portugal,estoril praia,PaddyPower,351
casa pia,Liga Portugal,365,Portugal,casa pia,PaddyPower,352
rio ave,Liga Portugal,365,Portugal,rio ave,PaddyPower,353
estrela,Liga Portugal,365,Portugal,club football estrela,PaddyPower,354
chaves,Liga Portugal,365,Portugal,chaves,PaddyPower,355
vizela,Liga Portugal,365,Portugal,vizela,PaddyPower,356
real madrid,La Liga,383,Spain,real madrid,PaddyPower,382
girona,La Liga,383,Spain,girona,PaddyPower,383
barcelona,La Liga,383,Spain,barcelona,PaddyPower,384
atletico madrid,La Liga,383,Spain,atletico madrid,PaddyPower,385
athletic bilbao,La Liga,383,Spain,athletic bilbao,PaddyPower,386
real sociedad,La Liga,383,Spain,real sociedad,PaddyPower,387
valencia,La Liga,383,Spain,valencia,PaddyPower,388
betis,La Liga,383,Spain,betis,PaddyPower,389
las palmas,La Liga,383,Spain,las palmas,PaddyPower,390
getafe,La Liga,383,Spain,getafe,PaddyPower,391
alaves,La Liga,383,Spain,alaves,PaddyPower,392
osasuna,La Liga,383,Spain,osasuna,PaddyPower,393
rayo vallecano,La Liga,383,Spain,rayo vallecano,PaddyPower,394
villarreal,La Liga,383,Spain,villarreal,PaddyPower,395
sevilla,La Liga,383,Spain,sevilla,PaddyPower,396
celta vigo,La Liga,383,Spain,celta vigo,PaddyPower,397
mallorca,La Liga,383,Spain,mallorca,PaddyPower,398
cadiz cf,La Liga,383,Spain,cadiz,PaddyPower,399
granada cf,La Liga,383,Spain,granada,PaddyPower,400
almeria,La Liga,383,Spain,almeria,PaddyPower,401
leganes,La Liga 2,384,Spain,leganes,PaddyPower,402
eibar,La Liga 2,384,Spain,eibar,PaddyPower,403
ferrol,La Liga 2,384,Spain,racing de ferrol,PaddyPower,404
espanyol,La Liga 2,384,Spain,espanyol,PaddyPower,405
valladolid,La Liga 2,384,Spain,valladolid,PaddyPower,406
elche,La Liga 2,384,Spain,elche,PaddyPower,407
gijon,La Liga 2,384,Spain,sporting gijon,PaddyPower,408
real oviedo,La Liga 2,384,Spain,oviedo,PaddyPower,409
levante,La Liga 2,384,Spain,levante,PaddyPower,410
zaragoza,La Liga 2,384,Spain,zaragoza,PaddyPower,411
racing santander,La Liga 2,384,Spain,racing santander,PaddyPower,412
burgos cf,La Liga 2,384,Spain,burgos,PaddyPower,413
eldense,La Liga 2,384,Spain,eldense,PaddyPower,414
mirandes,La Liga 2,384,Spain,mirandes,PaddyPower,415
tenerife,La Liga 2,384,Spain,tenerife,PaddyPower,416
huesca,La Liga 2,384,Spain,huesca,PaddyPower,417
albacete,La Liga 2,384,Spain,albacete,PaddyPower,418
fc cartagena sad,La Liga 2,384,Spain,fc cartagena,PaddyPower,419
villarreal b,La Liga 2,384,Spain,villarreal b,PaddyPower,420
alcorcon,La Liga 2,384,Spain,alcorcon,PaddyPower,421
andorra,La Liga 2,384,Spain,andorra cf,PaddyPower,422
amorebieta,La Liga 2,384,Spain,amorebieta,PaddyPower,423